[
  {
    "id": "ce0c0492-2b6a-439d-bd21-201eb3642cc9",
    "data": [
      {
        "text": "specific info",
        "userDefined": false
      }
    ],
    "isTemplate": false,
    "count": 0,
    "updated": 0
  },
  {
    "id": "a091e6ec-7649-4ff6-b1f0-3e2fcf69ec1f",
    "data": [
      {
        "text": "single ",
        "userDefined": false
      },
      {
        "text": "device",
        "meta": "@sys.ignore",
        "userDefined": false
      }
    ],
    "isTemplate": false,
    "count": 0,
    "updated": 0
  },
  {
    "id": "d418a25a-35be-4332-a7aa-d64d7b7dbbf7",
    "data": [
      {
        "text": "specific ",
        "userDefined": false
      },
      {
        "text": "device",
        "meta": "@sys.ignore",
        "userDefined": false
      }
    ],
    "isTemplate": false,
    "count": 0,
    "updated": 0
  },
  {
    "id": "70a8b7db-5540-4461-8e37-d21415d3feb2",
    "data": [
      {
        "text": "information about a ",
        "userDefined": false
      },
      {
        "text": "device",
        "meta": "@sys.ignore",
        "userDefined": false
      }
    ],
    "isTemplate": false,
    "count": 0,
    "updated": 0
  },
  {
    "id": "06ab3960-c477-4915-aada-1dc1990f7635",
    "data": [
      {
        "text": "info regarding a single ",
        "userDefined": false
      },
      {
        "text": "device",
        "meta": "@sys.ignore",
        "userDefined": false
      }
    ],
    "isTemplate": false,
    "count": 0,
    "updated": 0
  },
  {
    "id": "38902f5a-d9f2-463e-acd7-0c44533ebdf2",
    "data": [
      {
        "text": "i want know information about a single ",
        "userDefined": false
      },
      {
        "text": "device",
        "meta": "@sys.ignore",
        "userDefined": false
      }
    ],
    "isTemplate": false,
    "count": 0,
    "updated": 0
  }
]