[
  {
    "id": "123f5a3f-3c72-455f-9b18-2907d1171805",
    "data": [
      {
        "text": "give me an ",
        "userDefined": false
      },
      {
        "text": "overview",
        "meta": "@sys.ignore",
        "userDefined": false
      }
    ],
    "isTemplate": false,
    "count": 0,
    "updated": 0
  },
  {
    "id": "315b7a66-a7c2-4de2-a402-1afc4a749eab",
    "data": [
      {
        "text": "aggregated information",
        "userDefined": false
      }
    ],
    "isTemplate": false,
    "count": 0,
    "updated": 0
  },
  {
    "id": "1baee8c0-1b8c-4c54-9b99-4c2870b6d8cb",
    "data": [
      {
        "text": "summary of situation",
        "userDefined": false
      }
    ],
    "isTemplate": false,
    "count": 0,
    "updated": 0
  },
  {
    "id": "9dcd1c5a-dc67-4f70-a942-7e09fa8049f5",
    "data": [
      {
        "text": "information ",
        "userDefined": false
      },
      {
        "text": "summary",
        "meta": "@sys.ignore",
        "userDefined": false
      }
    ],
    "isTemplate": false,
    "count": 0,
    "updated": 0
  },
  {
    "id": "aaea2e5a-6e84-4ea9-b296-0e15e6137a4e",
    "data": [
      {
        "text": "overall information",
        "userDefined": false
      }
    ],
    "isTemplate": false,
    "count": 0,
    "updated": 0
  },
  {
    "id": "ee2d8f59-5aa7-4f7d-8333-8b08971aeea9",
    "data": [
      {
        "text": "overall situation",
        "userDefined": false
      }
    ],
    "isTemplate": false,
    "count": 0,
    "updated": 0
  },
  {
    "id": "b7dc5fa6-3764-409d-8e64-6b8d707c42c8",
    "data": [
      {
        "text": "information ",
        "userDefined": false
      },
      {
        "text": "generally",
        "meta": "@sys.ignore",
        "userDefined": false
      }
    ],
    "isTemplate": false,
    "count": 0,
    "updated": 0
  },
  {
    "id": "845cee67-c3a4-4c54-9e41-e05de4fdd3aa",
    "data": [
      {
        "text": "generally",
        "meta": "@sys.ignore",
        "userDefined": false
      },
      {
        "text": " things go",
        "userDefined": false
      }
    ],
    "isTemplate": false,
    "count": 1,
    "updated": 0
  },
  {
    "id": "9f81cff3-5b07-47fd-b856-e6b5d7068b4a",
    "data": [
      {
        "text": "how ",
        "userDefined": false
      },
      {
        "text": "general",
        "meta": "@sys.ignore",
        "userDefined": false
      },
      {
        "text": " thing go",
        "userDefined": false
      }
    ],
    "isTemplate": false,
    "count": 0,
    "updated": 0
  },
  {
    "id": "d1d15c97-4064-4735-b558-5d292bb2a225",
    "data": [
      {
        "text": "how is going ",
        "userDefined": false
      },
      {
        "text": "in general",
        "meta": "@sys.ignore",
        "userDefined": false
      }
    ],
    "isTemplate": false,
    "count": 0,
    "updated": 0
  }
]