[
  {
    "id": "deafb3bf-c707-4655-aa7b-bca00a0347a8",
    "data": [
      {
        "text": "shut down",
        "userDefined": false
      }
    ],
    "isTemplate": false,
    "count": 0,
    "updated": 0
  },
  {
    "id": "119a32c8-8f70-4e31-98d2-d32bc091452c",
    "data": [
      {
        "text": "conclude conversation",
        "userDefined": false
      }
    ],
    "isTemplate": false,
    "count": 0,
    "updated": 0
  },
  {
    "id": "ecb4525c-d476-41d7-9094-5507b6b02ee2",
    "data": [
      {
        "text": "terminate",
        "userDefined": false
      }
    ],
    "isTemplate": false,
    "count": 0,
    "updated": 0
  },
  {
    "id": "2b81c2bb-d0f2-4121-bb07-b21799dfd921",
    "data": [
      {
        "text": "end conversation",
        "userDefined": false
      }
    ],
    "isTemplate": false,
    "count": 0,
    "updated": 0
  },
  {
    "id": "2261d0d8-54bb-4020-a2d0-66badac48608",
    "data": [
      {
        "text": "leave",
        "userDefined": false
      }
    ],
    "isTemplate": false,
    "count": 0,
    "updated": 0
  },
  {
    "id": "7f1c4176-e5c1-4c68-af6e-e638a9b4857e",
    "data": [
      {
        "text": "close nAssistant",
        "userDefined": false
      }
    ],
    "isTemplate": false,
    "count": 0,
    "updated": 0
  },
  {
    "id": "3e745b33-8523-410a-b5a1-5bf17c715912",
    "data": [
      {
        "text": "close assistant",
        "userDefined": false
      }
    ],
    "isTemplate": false,
    "count": 0,
    "updated": 0
  },
  {
    "id": "8cfba296-b979-4bc6-93fd-228cd0bd297a",
    "data": [
      {
        "text": "exit",
        "userDefined": false
      }
    ],
    "isTemplate": false,
    "count": 0,
    "updated": 0
  }
]