[
  {
    "id": "b957dc37-646f-4373-9f93-0454b10a6e70",
    "data": [
      {
        "text": "about ",
        "userDefined": false
      },
      {
        "text": "thing",
        "alias": "Aggregators",
        "meta": "@Aggregators",
        "userDefined": true
      }
    ],
    "isTemplate": false,
    "count": 0,
    "updated": 0
  },
  {
    "id": "973cf955-3444-4db6-b24a-6deab1d9da91",
    "data": [
      {
        "text": "thing",
        "alias": "Aggregators",
        "meta": "@Aggregators",
        "userDefined": true
      },
      {
        "text": " info",
        "userDefined": false
      }
    ],
    "isTemplate": false,
    "count": 0,
    "updated": 0
  },
  {
    "id": "635e91a2-a242-49c5-9b4e-d3ca09dbc6f8",
    "data": [
      {
        "text": "how is going ",
        "userDefined": false
      },
      {
        "text": "in general",
        "alias": "Aggregators",
        "meta": "@Aggregators",
        "userDefined": false
      }
    ],
    "isTemplate": false,
    "count": 0,
    "updated": 0
  },
  {
    "id": "c4387ea0-f95d-4e97-9da8-b02473657979",
    "data": [
      {
        "text": "how general ",
        "userDefined": false
      },
      {
        "text": "thing",
        "alias": "Aggregators",
        "meta": "@Aggregators",
        "userDefined": true
      },
      {
        "text": " go",
        "userDefined": false
      }
    ],
    "isTemplate": false,
    "count": 0,
    "updated": 0
  },
  {
    "id": "63d77efb-a9e8-42b0-8b67-70792eb08d33",
    "data": [
      {
        "text": "overall give me ",
        "userDefined": false
      },
      {
        "text": "communication",
        "alias": "Aggregators",
        "meta": "@Aggregators",
        "userDefined": true
      },
      {
        "text": " info",
        "userDefined": false
      }
    ],
    "isTemplate": false,
    "count": 0,
    "updated": 0
  },
  {
    "id": "77dab41a-050d-4744-ad3f-dd6c423c05d6",
    "data": [
      {
        "text": "give me a general ",
        "userDefined": false
      },
      {
        "text": "summary",
        "alias": "Aggregators",
        "meta": "@Aggregators",
        "userDefined": true
      }
    ],
    "isTemplate": false,
    "count": 1,
    "updated": 0
  },
  {
    "id": "bd947fcb-576b-4ffa-b746-13dcc42db40d",
    "data": [
      {
        "text": "which ",
        "userDefined": false
      },
      {
        "text": "devices",
        "alias": "Aggregators",
        "meta": "@Aggregators",
        "userDefined": false
      },
      {
        "text": " are connected",
        "userDefined": false
      }
    ],
    "isTemplate": false,
    "count": 0,
    "updated": 0
  },
  {
    "id": "eb6ba964-c6f3-48b2-bb43-de2de7b4fdf7",
    "data": [
      {
        "text": "how many ",
        "userDefined": false
      },
      {
        "text": "devices",
        "alias": "Aggregators",
        "meta": "@Aggregators",
        "userDefined": true
      }
    ],
    "isTemplate": false,
    "count": 0,
    "updated": 0
  },
  {
    "id": "49eb9f29-d708-480c-8059-6baf05dd7aaa",
    "data": [
      {
        "text": "how is the ",
        "userDefined": false
      },
      {
        "text": "thing",
        "alias": "Aggregators",
        "meta": "@Aggregators",
        "userDefined": true
      },
      {
        "text": " going in general",
        "userDefined": false
      }
    ],
    "isTemplate": false,
    "count": 0,
    "updated": 0
  },
  {
    "id": "1a36ffa1-58bc-4334-8ff4-e20f9098ca78",
    "data": [
      {
        "text": "how ",
        "userDefined": false
      },
      {
        "text": "thing",
        "alias": "Aggregators",
        "meta": "@Aggregators",
        "userDefined": true
      },
      {
        "text": " going overall?",
        "userDefined": false
      }
    ],
    "isTemplate": false,
    "count": 0,
    "updated": 0
  },
  {
    "id": "586d7909-ba19-43d3-a18f-9ad78a58a3bb",
    "data": [
      {
        "text": "generally is the ",
        "userDefined": false
      },
      {
        "text": "thing",
        "alias": "Aggregators",
        "meta": "@Aggregators",
        "userDefined": true
      },
      {
        "text": " good?",
        "userDefined": false
      }
    ],
    "isTemplate": false,
    "count": 0,
    "updated": 0
  },
  {
    "id": "216b87a9-237f-4754-af9d-8fd41e02f899",
    "data": [
      {
        "text": "overall how is it going the ",
        "userDefined": false
      },
      {
        "text": "thing",
        "alias": "Aggregators",
        "meta": "@Aggregators",
        "userDefined": true
      }
    ],
    "isTemplate": false,
    "count": 0,
    "updated": 0
  }
]