[
  {
    "id": "5985adb0-1f58-4194-8587-4300d4abc0d3",
    "data": [
      {
        "text": "safety",
        "meta": "@sys.ignore",
        "userDefined": false
      }
    ],
    "isTemplate": false,
    "count": 0,
    "updated": 0
  },
  {
    "id": "a1f74452-7706-4ca9-a6c2-75d624d501a6",
    "data": [
      {
        "text": "safety",
        "meta": "@sys.ignore",
        "userDefined": false
      },
      {
        "text": " state",
        "userDefined": false
      }
    ],
    "isTemplate": false,
    "count": 0,
    "updated": 0
  },
  {
    "id": "a7fecdd7-709e-40b1-9051-2b8ccf249c2d",
    "data": [
      {
        "text": "security",
        "meta": "@sys.ignore",
        "userDefined": false
      }
    ],
    "isTemplate": false,
    "count": 0,
    "updated": 0
  },
  {
    "id": "9596b56d-6d04-4de8-82cf-1f0ff5a65622",
    "data": [
      {
        "text": "security",
        "meta": "@sys.ignore",
        "userDefined": false
      },
      {
        "text": " info",
        "userDefined": false
      }
    ],
    "isTemplate": false,
    "count": 0,
    "updated": 0
  }
]