[
  {
    "id": "fbac15ce-e7a0-462e-b3d4-2652220f5fd1",
    "data": [
      {
        "text": "suspected",
        "userDefined": false
      }
    ],
    "isTemplate": false,
    "count": 0,
    "updated": 0
  },
  {
    "id": "8cc69cfe-dbf1-4b75-92b2-e9987defd58f",
    "data": [
      {
        "text": "suspect",
        "userDefined": false
      }
    ],
    "isTemplate": false,
    "count": 0,
    "updated": 0
  },
  {
    "id": "5e6e6293-b06f-400f-b95d-2a93aff1c5dd",
    "data": [
      {
        "text": "misbehaving flow",
        "userDefined": false
      }
    ],
    "isTemplate": false,
    "count": 0,
    "updated": 0
  },
  {
    "id": "a7a5f872-dd71-462b-a7b4-344809839e66",
    "data": [
      {
        "text": "misbehaving host",
        "userDefined": false
      }
    ],
    "isTemplate": false,
    "count": 0,
    "updated": 0
  },
  {
    "id": "93360097-95f3-4d1c-8612-2e237f763e05",
    "data": [
      {
        "text": "suspected host",
        "userDefined": false
      }
    ],
    "isTemplate": false,
    "count": 0,
    "updated": 0
  }
]