[
  {
    "id": "b2ec54f3-b321-48a9-84bf-e73e2ce26d01",
    "data": [
      {
        "text": "more results regarding ",
        "userDefined": false
      },
      {
        "text": "thing",
        "alias": "Aggregators",
        "meta": "@Aggregators",
        "userDefined": true
      }
    ],
    "isTemplate": false,
    "count": 0,
    "updated": 0
  },
  {
    "id": "1b1fd989-2a5e-47e9-9aaf-8797283b0ef8",
    "data": [
      {
        "text": "more results about ",
        "userDefined": false
      },
      {
        "text": "thing",
        "alias": "Aggregators",
        "meta": "@Aggregators",
        "userDefined": true
      }
    ],
    "isTemplate": false,
    "count": 0,
    "updated": 0
  },
  {
    "id": "542acc0d-01c0-4cfc-a5cf-84fce69f154e",
    "data": [
      {
        "text": "show me more ",
        "userDefined": false
      },
      {
        "text": "thing",
        "alias": "Aggregators",
        "meta": "@Aggregators",
        "userDefined": true
      }
    ],
    "isTemplate": false,
    "count": 0,
    "updated": 0
  },
  {
    "id": "534456fd-d435-4aac-8e4c-6a81445f9a37",
    "data": [
      {
        "text": "tell me more relating to ",
        "userDefined": false
      },
      {
        "text": "thing",
        "alias": "Aggregators",
        "meta": "@Aggregators",
        "userDefined": true
      }
    ],
    "isTemplate": false,
    "count": 0,
    "updated": 0
  },
  {
    "id": "d7789a8e-07f2-4364-b6ef-674b21112927",
    "data": [
      {
        "text": "more information ",
        "userDefined": false
      },
      {
        "text": "thing",
        "alias": "Aggregators",
        "meta": "@Aggregators",
        "userDefined": true
      }
    ],
    "isTemplate": false,
    "count": 0,
    "updated": 0
  },
  {
    "id": "8924007d-f09a-40c7-b27e-5be76b64531a",
    "data": [
      {
        "text": "other results regarding ",
        "userDefined": false
      },
      {
        "text": "thing",
        "alias": "Aggregators",
        "meta": "@Aggregators",
        "userDefined": true
      }
    ],
    "isTemplate": false,
    "count": 0,
    "updated": 0
  },
  {
    "id": "e71e98bc-7efa-4c91-9cc7-15f16cb483dd",
    "data": [
      {
        "text": "are there more ",
        "userDefined": false
      },
      {
        "text": "thing",
        "alias": "Aggregators",
        "meta": "@Aggregators",
        "userDefined": true
      }
    ],
    "isTemplate": false,
    "count": 0,
    "updated": 0
  },
  {
    "id": "c8883c04-4839-4c35-a23e-61d69c454ccc",
    "data": [
      {
        "text": "what else about ",
        "userDefined": false
      },
      {
        "text": "thing",
        "alias": "Aggregators",
        "meta": "@Aggregators",
        "userDefined": true
      }
    ],
    "isTemplate": false,
    "count": 0,
    "updated": 0
  },
  {
    "id": "62ea091e-b780-436e-b983-3f2438a93549",
    "data": [
      {
        "text": "more ",
        "userDefined": false
      },
      {
        "text": "thing",
        "alias": "Aggregators",
        "meta": "@Aggregators",
        "userDefined": true
      }
    ],
    "isTemplate": false,
    "count": 0,
    "updated": 0
  }
]