[
  {
    "id": "4f7c5ab8-94c4-4f6e-b27e-793f3cf0170b",
    "data": [
      {
        "text": "web mining detected",
        "alias": "flow_status",
        "meta": "@flow_status",
        "userDefined": false
      }
    ],
    "isTemplate": false,
    "count": 0,
    "updated": 0
  },
  {
    "id": "e392ac15-9a5c-4a91-ab02-341f6befd4ec",
    "data": [
      {
        "text": "malicious signature",
        "alias": "flow_status",
        "meta": "@flow_status",
        "userDefined": true
      }
    ],
    "isTemplate": false,
    "count": 0,
    "updated": 0
  },
  {
    "id": "f9eed525-d5a7-4c46-81cc-f3f3c534d6d6",
    "data": [
      {
        "text": "normal",
        "alias": "flow_status",
        "meta": "@flow_status",
        "userDefined": false
      }
    ],
    "isTemplate": false,
    "count": 0,
    "updated": 0
  }
]