[
  {
    "id": "89d8ccef-febb-4cb1-b140-c187e9ee19da",
    "data": [
      {
        "text": "more ",
        "userDefined": false
      },
      {
        "text": "security",
        "alias": "host_info",
        "meta": "@host_info",
        "userDefined": true
      }
    ],
    "isTemplate": false,
    "count": 0,
    "updated": 0
  },
  {
    "id": "c6f9c0b2-7441-44b7-90ca-ca749cc2ae72",
    "data": [
      {
        "text": "show me more ",
        "userDefined": false
      },
      {
        "text": "security",
        "alias": "host_info",
        "meta": "@host_info",
        "userDefined": true
      }
    ],
    "isTemplate": false,
    "count": 0,
    "updated": 0
  },
  {
    "id": "a58bd0a3-efac-4d41-9f69-9cf5db8f4231",
    "data": [
      {
        "text": "tell me more ",
        "userDefined": false
      },
      {
        "text": "application",
        "alias": "host_info",
        "meta": "@host_info",
        "userDefined": true
      }
    ],
    "isTemplate": false,
    "count": 0,
    "updated": 0
  },
  {
    "id": "34883d1d-618f-4182-8944-39bb8fb5ef9b",
    "data": [
      {
        "text": "more information ",
        "userDefined": false
      },
      {
        "text": "security",
        "alias": "host_info",
        "meta": "@host_info",
        "userDefined": true
      }
    ],
    "isTemplate": false,
    "count": 0,
    "updated": 0
  },
  {
    "id": "41bea280-b823-40c9-8a4d-2058b65eae24",
    "data": [
      {
        "text": "are there more ",
        "userDefined": false
      },
      {
        "text": "general",
        "alias": "host_info",
        "meta": "@host_info",
        "userDefined": true
      }
    ],
    "isTemplate": false,
    "count": 0,
    "updated": 0
  },
  {
    "id": "85fd17a0-71ef-4375-8e4e-77efac720f08",
    "data": [
      {
        "text": "what else about ",
        "userDefined": false
      },
      {
        "text": "categories",
        "alias": "host_info",
        "meta": "@host_info",
        "userDefined": true
      }
    ],
    "isTemplate": false,
    "count": 0,
    "updated": 0
  }
]