[
  {
    "id": "380dbd9e-5a07-493b-8893-06d77db096ba",
    "data": [
      {
        "text": "top ",
        "userDefined": false
      },
      {
        "text": "application",
        "meta": "@sys.ignore",
        "userDefined": false
      }
    ],
    "isTemplate": false,
    "count": 0,
    "updated": 0
  },
  {
    "id": "4a5d377e-7f00-4994-8a34-203f8f3dcf22",
    "data": [
      {
        "text": "general top app",
        "userDefined": false
      }
    ],
    "isTemplate": false,
    "count": 0,
    "updated": 0
  },
  {
    "id": "4af8debc-0f35-4792-b47f-d68dc51e4d54",
    "data": [
      {
        "text": " popular application ",
        "userDefined": false
      },
      {
        "text": "traffic",
        "meta": "@sys.ignore",
        "userDefined": false
      }
    ],
    "isTemplate": false,
    "count": 0,
    "updated": 0
  },
  {
    "id": "b36265d6-0b47-4327-8fde-a3ab9c7c6d94",
    "data": [
      {
        "text": "summarize the application ",
        "userDefined": false
      },
      {
        "text": "traffic",
        "meta": "@sys.ignore",
        "userDefined": false
      }
    ],
    "isTemplate": false,
    "count": 0,
    "updated": 0
  },
  {
    "id": "95be1b54-8fca-49e7-ae17-99967307abe4",
    "data": [
      {
        "text": "which applications are talking",
        "userDefined": false
      }
    ],
    "isTemplate": false,
    "count": 0,
    "updated": 0
  },
  {
    "id": "d97cac0c-9d66-49b0-9eb2-e95dc5ea5599",
    "data": [
      {
        "text": "generic application traffic",
        "userDefined": false
      }
    ],
    "isTemplate": false,
    "count": 0,
    "updated": 0
  },
  {
    "id": "b976c5a3-0640-4cd3-8ae5-92076868962e",
    "data": [
      {
        "text": "top application traffic",
        "userDefined": false
      }
    ],
    "isTemplate": false,
    "count": 0,
    "updated": 0
  }
]