[
  {
    "id": "c1609b8a-e92d-4814-8dc3-148435609537",
    "data": [
      {
        "text": "general categories chart",
        "userDefined": false
      }
    ],
    "isTemplate": false,
    "count": 0,
    "updated": 0
  },
  {
    "id": "33ab956a-eae1-4cba-bf24-cc112042f614",
    "data": [
      {
        "text": "overview of categories plot",
        "userDefined": false
      }
    ],
    "isTemplate": false,
    "count": 0,
    "updated": 0
  },
  {
    "id": "9332b07d-308d-47b9-a1ff-a79c301d67c1",
    "data": [
      {
        "text": "summary of communication categories",
        "userDefined": false
      }
    ],
    "isTemplate": false,
    "count": 0,
    "updated": 0
  },
  {
    "id": "15bd9858-c055-463c-ae36-48479fe8b722",
    "data": [
      {
        "text": "general ",
        "userDefined": false
      },
      {
        "text": "traffic",
        "meta": "@sys.ignore",
        "userDefined": false
      },
      {
        "text": " category",
        "userDefined": false
      }
    ],
    "isTemplate": false,
    "count": 0,
    "updated": 0
  },
  {
    "id": "c12328bf-9601-41ae-b437-0fd1a17a894c",
    "data": [
      {
        "text": " generally ",
        "userDefined": false
      },
      {
        "text": "traffic",
        "meta": "@sys.ignore",
        "userDefined": false
      },
      {
        "text": " categories",
        "userDefined": false
      }
    ],
    "isTemplate": false,
    "count": 0,
    "updated": 0
  }
]