[
  {
    "id": "c06386ed-af61-4678-9b7e-f28267931389",
    "data": [
      {
        "text": "interrupt",
        "userDefined": false
      }
    ],
    "isTemplate": false,
    "count": 0,
    "updated": 0
  },
  {
    "id": "92a5f5cb-d36e-4bde-93ea-2e6b656dd75c",
    "data": [
      {
        "text": "arrest",
        "userDefined": false
      }
    ],
    "isTemplate": false,
    "count": 0,
    "updated": 0
  },
  {
    "id": "f99378ab-6010-45a0-bb41-f34d213b7986",
    "data": [
      {
        "text": "alt",
        "userDefined": false
      }
    ],
    "isTemplate": false,
    "count": 0,
    "updated": 0
  },
  {
    "id": "6cac273c-6a9c-4e91-b8a2-9b759f88e75c",
    "data": [
      {
        "text": "enough",
        "userDefined": false
      }
    ],
    "isTemplate": false,
    "count": 0,
    "updated": 0
  },
  {
    "id": "516fc044-a5cc-4853-a082-c09fb57000f4",
    "data": [
      {
        "text": "that\u0027s enough",
        "userDefined": false
      }
    ],
    "isTemplate": false,
    "count": 0,
    "updated": 0
  },
  {
    "id": "cc63e24f-69c5-4d77-be55-4500f49d1b6b",
    "data": [
      {
        "text": "stop",
        "userDefined": false
      }
    ],
    "isTemplate": false,
    "count": 0,
    "updated": 0
  }
]