[
  {
    "id": "e864c027-db25-446a-b85c-515e285b720d",
    "data": [
      {
        "text": "what you can do",
        "userDefined": false
      }
    ],
    "isTemplate": false,
    "count": 0,
    "updated": 0
  },
  {
    "id": "98dd1bfe-a0ea-43d0-99de-3471e3a72684",
    "data": [
      {
        "text": "what can you do for me",
        "userDefined": false
      }
    ],
    "isTemplate": false,
    "count": 0,
    "updated": 0
  },
  {
    "id": "d75e2afc-61f0-4202-ba5d-c06f80139395",
    "data": [
      {
        "text": "what are your functionality",
        "userDefined": false
      }
    ],
    "isTemplate": false,
    "count": 0,
    "updated": 0
  },
  {
    "id": "d3d5cdab-dcb1-42fc-b6df-88182e9ce6a8",
    "data": [
      {
        "text": "what can you do",
        "userDefined": false
      }
    ],
    "isTemplate": false,
    "count": 0,
    "updated": 0
  }
]