[
  {
    "id": "f85f914d-2151-4076-8002-013533f68cbc",
    "data": [
      {
        "text": "who you are",
        "userDefined": false
      }
    ],
    "isTemplate": false,
    "count": 0,
    "updated": 0
  },
  {
    "id": "9c1e7f60-dcf1-49ff-ae6a-58dd34bea98d",
    "data": [
      {
        "text": "what is ",
        "userDefined": false
      },
      {
        "text": "ntop",
        "meta": "@sys.ignore",
        "userDefined": false
      }
    ],
    "isTemplate": false,
    "count": 0,
    "updated": 0
  },
  {
    "id": "5f8de124-71ce-4c96-bf47-7537c00f259e",
    "data": [
      {
        "text": "what is ntopng",
        "userDefined": false
      }
    ],
    "isTemplate": false,
    "count": 0,
    "updated": 0
  },
  {
    "id": "bfdd86cf-5949-4512-9951-52bbedd9be41",
    "data": [
      {
        "text": "what are you",
        "userDefined": false
      }
    ],
    "isTemplate": false,
    "count": 0,
    "updated": 0
  },
  {
    "id": "7c98ab9b-2144-4596-9fbb-9e1173ae37ef",
    "data": [
      {
        "text": "who are you",
        "userDefined": false
      }
    ],
    "isTemplate": false,
    "count": 0,
    "updated": 0
  }
]