[
  {
    "id": "416fe95b-17d0-4bd1-bc76-df491aa6f243",
    "data": [
      {
        "text": "who is talking ",
        "userDefined": false
      },
      {
        "text": "proto",
        "alias": "ndpi_protocol",
        "meta": "@ndpi_protocols",
        "userDefined": true
      }
    ],
    "isTemplate": false,
    "count": 0,
    "updated": 0
  },
  {
    "id": "1dd599c9-a793-436b-a693-e5c21e133773",
    "data": [
      {
        "text": "devices in ",
        "userDefined": false
      },
      {
        "text": "proto",
        "alias": "ndpi_protocol",
        "meta": "@ndpi_protocols",
        "userDefined": true
      }
    ],
    "isTemplate": false,
    "count": 0,
    "updated": 0
  },
  {
    "id": "e109b3bb-6ee6-404f-8a37-93445e8c1e24",
    "data": [
      {
        "text": "devices",
        "meta": "@sys.ignore",
        "userDefined": false
      },
      {
        "text": " using ",
        "userDefined": false
      },
      {
        "text": "proto",
        "alias": "ndpi_protocol",
        "meta": "@ndpi_protocols",
        "userDefined": true
      }
    ],
    "isTemplate": false,
    "count": 0,
    "updated": 0
  },
  {
    "id": "3733edc9-96c6-4deb-9a81-2b22b93170b6",
    "data": [
      {
        "text": "who is using ",
        "userDefined": false
      },
      {
        "text": "proto",
        "alias": "ndpi_protocol",
        "meta": "@ndpi_protocols",
        "userDefined": true
      }
    ],
    "isTemplate": false,
    "count": 0,
    "updated": 0
  }
]