[
  {
    "id": "b8a8856a-27c9-4b9c-aca6-08a06be8f349",
    "data": [
      {
        "text": "who is in ",
        "userDefined": false
      },
      {
        "text": "cat",
        "alias": "ndpi_category",
        "meta": "@ndpi_categories",
        "userDefined": true
      }
    ],
    "isTemplate": false,
    "count": 0,
    "updated": 0
  },
  {
    "id": "941b5696-fd95-4a0f-aca0-e10809fa328b",
    "data": [
      {
        "text": "who is ",
        "userDefined": false
      },
      {
        "text": "category",
        "alias": "ndpi_category",
        "meta": "@ndpi_categories",
        "userDefined": true
      }
    ],
    "isTemplate": false,
    "count": 0,
    "updated": 0
  },
  {
    "id": "5b513392-5306-4d2a-b233-53a7bfee370e",
    "data": [
      {
        "text": "who is generating ",
        "userDefined": false
      },
      {
        "text": "category",
        "alias": "ndpi_category",
        "meta": "@ndpi_categories",
        "userDefined": true
      }
    ],
    "isTemplate": false,
    "count": 0,
    "updated": 0
  },
  {
    "id": "8a84db6d-e136-432d-9987-70961930e489",
    "data": [
      {
        "text": "who is involved in ",
        "userDefined": false
      },
      {
        "text": "category",
        "alias": "ndpi_category",
        "meta": "@ndpi_categories",
        "userDefined": true
      }
    ],
    "isTemplate": false,
    "count": 0,
    "updated": 0
  },
  {
    "id": "e343008a-8889-4a10-8862-dd9609f2d41e",
    "data": [
      {
        "text": "who is using ",
        "userDefined": false
      },
      {
        "text": "category",
        "alias": "ndpi_category",
        "meta": "@ndpi_categories",
        "userDefined": true
      }
    ],
    "isTemplate": false,
    "count": 0,
    "updated": 0
  },
  {
    "id": "f2af78c9-b720-4ff6-b8a4-45ae510c9883",
    "data": [
      {
        "text": "devices",
        "meta": "@sys.ignore",
        "userDefined": false
      },
      {
        "text": " in ",
        "userDefined": false
      },
      {
        "text": "category",
        "alias": "ndpi_category",
        "meta": "@ndpi_categories",
        "userDefined": true
      }
    ],
    "isTemplate": false,
    "count": 0,
    "updated": 0
  },
  {
    "id": "6f11cff5-8961-4825-a97f-ae547e6ad03b",
    "data": [
      {
        "text": "who is talking about ",
        "userDefined": false
      },
      {
        "text": "category",
        "alias": "ndpi_category",
        "meta": "@ndpi_categories",
        "userDefined": true
      }
    ],
    "isTemplate": false,
    "count": 0,
    "updated": 0
  }
]