[
  {
    "value": "Devices",
    "synonyms": [
      "Devices",
      "Machines",
      "gadgets"
    ]
  },
  {
    "value": "Generic",
    "synonyms": [
      "Generic",
      "generally",
      "generically",
      "in general",
      "overview",
      "summary"
    ]
  },
  {
    "value": "Network",
    "synonyms": [
      "Network",
      "net",
      "safeness",
      "safety",
      "security"
    ]
  },
  {
    "value": "Traffic",
    "synonyms": [
      "Traffic",
      "comunications",
      "data traffic",
      "flow"
    ]
  }
]