[
  {
    "value": "alerts",
    "synonyms": [
      "alarm",
      "alarms",
      "alert",
      "threshold"
    ]
  },
  {
    "value": "applications",
    "synonyms": [
      "app",
      "application",
      "applications",
      "program",
      "programs"
    ]
  },
  {
    "value": "categories",
    "synonyms": [
      "categories",
      "comunication category",
      "comunication class",
      "comunication group",
      "traffic categories",
      "traffic category",
      "traffic class",
      "traffic classification",
      "traffic group"
    ]
  },
  {
    "value": "network",
    "synonyms": [
      "net stats",
      "network",
      "network statistics",
      "network stats"
    ]
  },
  {
    "value": "security",
    "synonyms": [
      "protection",
      "safety",
      "security"
    ]
  },
  {
    "value": "tech-specs",
    "synonyms": [
      "Technical specifications",
      "specification",
      "specs",
      "technical info",
      "technical specs"
    ]
  }
]