[
  {
    "value": "0",
    "synonyms": [
      "normal",
      "normal"
    ]
  },
  {
    "value": "1",
    "synonyms": [
      "slow tcp connection",
      "slow tcp connection"
    ]
  },
  {
    "value": "2",
    "synonyms": [
      "slow application header",
      "slow application header"
    ]
  },
  {
    "value": "3",
    "synonyms": [
      "slow data exchange",
      "slow data exchange"
    ]
  },
  {
    "value": "4",
    "synonyms": [
      "low goodput",
      "low goodput"
    ]
  },
  {
    "value": "5",
    "synonyms": [
      "suspicious tcp syn probing",
      "suspicious tcp syn probing"
    ]
  },
  {
    "value": "6",
    "synonyms": [
      "tcp connection issues",
      "tcp connection issues"
    ]
  },
  {
    "value": "7",
    "synonyms": [
      "suspicious tcp probing",
      "suspicious tcp probing"
    ]
  },
  {
    "value": "8",
    "synonyms": [
      "flow emitted",
      "flow emitted"
    ]
  },
  {
    "value": "9",
    "synonyms": [
      "tcp connection refused",
      "tcp connection refused"
    ]
  },
  {
    "value": "10",
    "synonyms": [
      "ssl certificate mismatch",
      "ssl certificate mismatch"
    ]
  },
  {
    "value": "11",
    "synonyms": [
      "dns invalid query",
      "dns invalid query"
    ]
  },
  {
    "value": "12",
    "synonyms": [
      "remote to remote",
      "remote to remote"
    ]
  },
  {
    "value": "13",
    "synonyms": [
      "blacklisted flow",
      "blacklisted flow"
    ]
  },
  {
    "value": "14",
    "synonyms": [
      "flow blocked by bridge",
      "flow blocked by bridge"
    ]
  },
  {
    "value": "15",
    "synonyms": [
      "web mining detected",
      "web mining detected"
    ]
  },
  {
    "value": "16",
    "synonyms": [
      "suspicious device protocol",
      "suspicious device protoco"
    ]
  },
  {
    "value": "17",
    "synonyms": [
      "elephant flow l2r",
      "elephant flow l2r"
    ]
  },
  {
    "value": "18",
    "synonyms": [
      "elephant flow r2l",
      "elephant flow r2l"
    ]
  },
  {
    "value": "19",
    "synonyms": [
      "longlived flow",
      "longlived flow"
    ]
  },
  {
    "value": "20",
    "synonyms": [
      "not purged",
      "not purged"
    ]
  },
  {
    "value": "21",
    "synonyms": [
      "ids alert",
      "ids alert"
    ]
  },
  {
    "value": "22",
    "synonyms": [
      "tcp severe connection issues",
      "tcp severe connection iss"
    ]
  },
  {
    "value": "23",
    "synonyms": [
      "ssl unsafe ciphers",
      "ssl unsafe ciphers"
    ]
  },
  {
    "value": "24",
    "synonyms": [
      "data exfiltration",
      "data exfiltration"
    ]
  },
  {
    "value": "25",
    "synonyms": [
      "ssl old protocol version",
      "ssl old protocol version"
    ]
  },
  {
    "value": "26",
    "synonyms": [
      "potentially dangerous protocol",
      "potentially dangerous pro"
    ]
  },
  {
    "value": "27",
    "synonyms": [
      "malicious signature detected",
      "[!] malicious signature d",
      "malicious signature"
    ]
  }
]