[
  {
    "value": "network",
    "synonyms": [
      "net stats",
      "network",
      "network statistics",
      "network stats"
    ]
  },
  {
    "value": "applications",
    "synonyms": [
      "app",
      "application",
      "applications",
      "program",
      "programs"
    ]
  },
  {
    "value": "categories",
    "synonyms": [
      "categories",
      "comunication category",
      "comunication class",
      "comunication group",
      "traffic categories",
      "traffic category",
      "traffic class",
      "traffic classification",
      "traffic group"
    ]
  },
  {
    "value": "security",
    "synonyms": [
      "protection",
      "safety",
      "security"
    ]
  },
  {
    "value": "general",
    "synonyms": [
      "general",
      "generic",
      "overview",
      "host",
      "host info",
      "more host info"
    ]
  }
]