[
  {
    "value": "Advertisement",
    "synonyms": [
      "Advertisement",
      "advertisement"
    ]
  },
  {
    "value": "Allowed_Site",
    "synonyms": [
      "Allowed_Site",
      "allowed site"
    ]
  },
  {
    "value": "Antimalware",
    "synonyms": [
      "Antimalware",
      "anti malware"
    ]
  },
  {
    "value": "Banned_Site",
    "synonyms": [
      "Banned_Site",
      "banned site"
    ]
  },
  {
    "value": "Chat",
    "synonyms": [
      "Chat",
      "chat"
    ]
  },
  {
    "value": "Cloud",
    "synonyms": [
      "Cloud",
      "cloud"
    ]
  },
  {
    "value": "Collaborative",
    "synonyms": [
      "Collaborative",
      "collaborative"
    ]
  },
  {
    "value": "DataTransfer",
    "synonyms": [
      "DataTransfer",
      "data transfer"
    ]
  },
  {
    "value": "Database",
    "synonyms": [
      "Database",
      "data base",
      "database"
    ]
  },
  {
    "value": "Download-FileTransfer-FileSharing",
    "synonyms": [
      "Download-FileTransfer-FileSharing",
      "download",
      "file transfer"
    ]
  },
  {
    "value": "Email",
    "synonyms": [
      "Email",
      "e-mail",
      "email"
    ]
  },
  {
    "value": "FileSharing",
    "synonyms": [
      "FileSharing",
      "file sharing"
    ]
  },
  {
    "value": "Gameg",
    "synonyms": [
      "Game",
      "game"
    ]
  },
  {
    "value": "Malware",
    "synonyms": [
      "Malware",
      "malware"
    ]
  },
  {
    "value": "Media",
    "synonyms": [
      "Media",
      "media"
    ]
  },
  {
    "value": "Mining",
    "synonyms": [
      "Mining",
      "mining"
    ]
  },
  {
    "value": "Music",
    "synonyms": [
      "Music",
      "music"
    ]
  },
  {
    "value": "Network",
    "synonyms": [
      "Network",
      "network"
    ]
  },
  {
    "value": "Productivity",
    "synonyms": [
      "Productivity",
      "productivity"
    ]
  },
  {
    "value": "RPC",
    "synonyms": [
      "RPC",
      "rpc"
    ]
  },
  {
    "value": "RemoteAccess",
    "synonyms": [
      "Remote Access",
      "remote access"
    ]
  },
  {
    "value": "Shopping",
    "synonyms": [
      "Shopping",
      "shopping"
    ]
  },
  {
    "value": "Site_Unavailable",
    "synonyms": [
      "Site_Unavailable",
      "site unavailable"
    ]
  },
  {
    "value": "SocialNetwork",
    "synonyms": [
      "SocialNetwork",
      "social network"
    ]
  },
  {
    "value": "SoftwareUpdate",
    "synonyms": [
      "SoftwareUpdate",
      "software update"
    ]
  },
  {
    "value": "Streaming",
    "synonyms": [
      "Streaming",
      "streaming"
    ]
  },
  {
    "value": "System",
    "synonyms": [
      "System",
      "system"
    ]
  },
  {
    "value": "Unspecified",
    "synonyms": [
      "Unspecified",
      "unspecified"
    ]
  },
  {
    "value": "VPN",
    "synonyms": [
      "VPN",
      "vpn"
    ]
  },
  {
    "value": "Video",
    "synonyms": [
      "Video",
      "video"
    ]
  },
  {
    "value": "VoIP",
    "synonyms": [
      "VoIP",
      "voip"
    ]
  },
  {
    "value": "Web",
    "synonyms": [
      "Web",
      "web"
    ]
  }
]