[
  {
    "value": "AFP",
    "synonyms": [
      "AFP"
    ]
  },
  {
    "value": "AJP",
    "synonyms": [
      "AJP"
    ]
  },
  {
    "value": "AMQP",
    "synonyms": [
      "AMQP"
    ]
  },
  {
    "value": "Aimini",
    "synonyms": [
      "Aimini"
    ]
  },
  {
    "value": "Amazon",
    "synonyms": [
      "Amazon"
    ]
  },
  {
    "value": "AmazonVideo",
    "synonyms": [
      "AmazonVideo"
    ]
  },
  {
    "value": "Apple",
    "synonyms": [
      "Apple"
    ]
  },
  {
    "value": "AppleJuice",
    "synonyms": [
      "AppleJuice"
    ]
  },
  {
    "value": "ApplePush",
    "synonyms": [
      "ApplePush"
    ]
  },
  {
    "value": "AppleStore",
    "synonyms": [
      "AppleStore"
    ]
  },
  {
    "value": "AppleiCloud",
    "synonyms": [
      "AppleiCloud"
    ]
  },
  {
    "value": "AppleiTunes",
    "synonyms": [
      "AppleiTunes"
    ]
  },
  {
    "value": "Armagetron",
    "synonyms": [
      "Armagetron"
    ]
  },
  {
    "value": "Ayiya",
    "synonyms": [
      "Ayiya"
    ]
  },
  {
    "value": "BGP",
    "synonyms": [
      "BGP"
    ]
  },
  {
    "value": "BJNP",
    "synonyms": [
      "BJNP"
    ]
  },
  {
    "value": "BattleField",
    "synonyms": [
      "BattleField"
    ]
  },
  {
    "value": "BitTorrent",
    "synonyms": [
      "BitTorrent"
    ]
  },
  {
    "value": "CHECKMK",
    "synonyms": [
      "CHECKMK"
    ]
  },
  {
    "value": "CNN",
    "synonyms": [
      "CNN"
    ]
  },
  {
    "value": "COAP",
    "synonyms": [
      "COAP"
    ]
  },
  {
    "value": "CSGO",
    "synonyms": [
      "CSGO"
    ]
  },
  {
    "value": "CiscoSkinny",
    "synonyms": [
      "CiscoSkinny"
    ]
  },
  {
    "value": "CiscoVPN",
    "synonyms": [
      "CiscoVPN"
    ]
  },
  {
    "value": "Citrix",
    "synonyms": [
      "Citrix"
    ]
  },
  {
    "value": "Cloudflare",
    "synonyms": [
      "Cloudflare"
    ]
  },
  {
    "value": "Collectd",
    "synonyms": [
      "Collectd"
    ]
  },
  {
    "value": "Corba",
    "synonyms": [
      "Corba"
    ]
  },
  {
    "value": "Crossfire",
    "synonyms": [
      "Crossfire"
    ]
  },
  {
    "value": "DCE_RPC",
    "synonyms": [
      "DCE_RPC"
    ]
  },
  {
    "value": "DHCP",
    "synonyms": [
      "DHCP"
    ]
  },
  {
    "value": "DHCPV6",
    "synonyms": [
      "DHCPV6"
    ]
  },
  {
    "value": "DNS",
    "synonyms": [
      "DNS"
    ]
  },
  {
    "value": "DNScrypt",
    "synonyms": [
      "DNScrypt"
    ]
  },
  {
    "value": "DNSoverHTTPS",
    "synonyms": [
      "DNSoverHTTPS"
    ]
  },
  {
    "value": "DRDA",
    "synonyms": [
      "DRDA"
    ]
  },
  {
    "value": "DataSaver",
    "synonyms": [
      "DataSaver"
    ]
  },
  {
    "value": "Deezer",
    "synonyms": [
      "Deezer"
    ]
  },
  {
    "value": "Diameter",
    "synonyms": [
      "Diameter"
    ]
  },
  {
    "value": "DirectConnect",
    "synonyms": [
      "DirectConnect"
    ]
  },
  {
    "value": "Direct_Download_Link",
    "synonyms": [
      "Direct_Download_Link"
    ]
  },
  {
    "value": "Dofus",
    "synonyms": [
      "Dofus"
    ]
  },
  {
    "value": "Dropbox",
    "synonyms": [
      "Dropbox"
    ]
  },
  {
    "value": "EAQ",
    "synonyms": [
      "EAQ"
    ]
  },
  {
    "value": "EGP",
    "synonyms": [
      "EGP"
    ]
  },
  {
    "value": "FIX",
    "synonyms": [
      "FIX"
    ]
  },
  {
    "value": "FTP_CONTROL",
    "synonyms": [
      "FTP_CONTROL"
    ]
  },
  {
    "value": "FTP_DATA",
    "synonyms": [
      "FTP_DATA"
    ]
  },
  {
    "value": "Facebook",
    "synonyms": [
      "Facebook"
    ]
  },
  {
    "value": "FacebookZero",
    "synonyms": [
      "FacebookZero"
    ]
  },
  {
    "value": "FastTrack",
    "synonyms": [
      "FastTrack"
    ]
  },
  {
    "value": "Fiesta",
    "synonyms": [
      "Fiesta"
    ]
  },
  {
    "value": "Florensia",
    "synonyms": [
      "Florensia"
    ]
  },
  {
    "value": "Free",
    "synonyms": [
      "Free"
    ]
  },
  {
    "value": "GMail",
    "synonyms": [
      "GMail"
    ]
  },
  {
    "value": "GRE",
    "synonyms": [
      "GRE"
    ]
  },
  {
    "value": "GTP",
    "synonyms": [
      "GTP"
    ]
  },
  {
    "value": "GenericProtocol",
    "synonyms": [
      "GenericProtocol"
    ]
  },
  {
    "value": "Git",
    "synonyms": [
      "Git"
    ]
  },
  {
    "value": "Github",
    "synonyms": [
      "Github"
    ]
  },
  {
    "value": "Gnutella",
    "synonyms": [
      "Gnutella"
    ]
  },
  {
    "value": "Google",
    "synonyms": [
      "Google"
    ]
  },
  {
    "value": "GoogleDocs",
    "synonyms": [
      "GoogleDocs"
    ]
  },
  {
    "value": "GoogleDrive",
    "synonyms": [
      "GoogleDrive"
    ]
  },
  {
    "value": "GoogleHangout",
    "synonyms": [
      "GoogleHangout"
    ]
  },
  {
    "value": "GoogleMaps",
    "synonyms": [
      "GoogleMaps"
    ]
  },
  {
    "value": "GooglePlus",
    "synonyms": [
      "GooglePlus"
    ]
  },
  {
    "value": "GoogleServices",
    "synonyms": [
      "GoogleServices"
    ]
  },
  {
    "value": "Guildwars",
    "synonyms": [
      "Guildwars"
    ]
  },
  {
    "value": "H323",
    "synonyms": [
      "H323"
    ]
  },
  {
    "value": "HEP",
    "synonyms": [
      "HEP"
    ]
  },
  {
    "value": "HTTP",
    "synonyms": [
      "HTTP"
    ]
  },
  {
    "value": "HTTP_ActiveSync",
    "synonyms": [
      "HTTP_ActiveSync"
    ]
  },
  {
    "value": "HTTP_Connect",
    "synonyms": [
      "HTTP_Connect"
    ]
  },
  {
    "value": "HTTP_Download",
    "synonyms": [
      "HTTP_Download"
    ]
  },
  {
    "value": "HTTP_Proxy",
    "synonyms": [
      "HTTP_Proxy"
    ]
  },
  {
    "value": "HalfLife2",
    "synonyms": [
      "HalfLife2"
    ]
  },
  {
    "value": "Hotmail",
    "synonyms": [
      "Hotmail"
    ]
  },
  {
    "value": "HotspotShield",
    "synonyms": [
      "HotspotShield"
    ]
  },
  {
    "value": "IAX",
    "synonyms": [
      "IAX"
    ]
  },
  {
    "value": "ICMP",
    "synonyms": [
      "ICMP"
    ]
  },
  {
    "value": "ICMPV6",
    "synonyms": [
      "ICMPV6"
    ]
  },
  {
    "value": "IFLIX",
    "synonyms": [
      "IFLIX"
    ]
  },
  {
    "value": "IGMP",
    "synonyms": [
      "IGMP"
    ]
  },
  {
    "value": "IMAP",
    "synonyms": [
      "IMAP"
    ]
  },
  {
    "value": "IMAPS",
    "synonyms": [
      "IMAPS"
    ]
  },
  {
    "value": "IPP",
    "synonyms": [
      "IPP"
    ]
  },
  {
    "value": "IP_in_IP",
    "synonyms": [
      "IP_in_IP"
    ]
  },
  {
    "value": "IPsec",
    "synonyms": [
      "IPsec"
    ]
  },
  {
    "value": "IRC",
    "synonyms": [
      "IRC"
    ]
  },
  {
    "value": "IceCast",
    "synonyms": [
      "IceCast"
    ]
  },
  {
    "value": "Instagram",
    "synonyms": [
      "Instagram"
    ]
  },
  {
    "value": "KakaoTalk",
    "synonyms": [
      "KakaoTalk"
    ]
  },
  {
    "value": "KakaoTalk_Voice",
    "synonyms": [
      "KakaoTalk_Voice"
    ]
  },
  {
    "value": "Kerberos",
    "synonyms": [
      "Kerberos"
    ]
  },
  {
    "value": "Kontiki",
    "synonyms": [
      "Kontiki"
    ]
  },
  {
    "value": "LDAP",
    "synonyms": [
      "LDAP"
    ]
  },
  {
    "value": "LISP",
    "synonyms": [
      "LISP"
    ]
  },
  {
    "value": "LLMNR",
    "synonyms": [
      "LLMNR"
    ]
  },
  {
    "value": "LastFM",
    "synonyms": [
      "LastFM"
    ]
  },
  {
    "value": "LinkedIn",
    "synonyms": [
      "LinkedIn"
    ]
  },
  {
    "value": "LotusNotes",
    "synonyms": [
      "LotusNotes"
    ]
  },
  {
    "value": "MDNS",
    "synonyms": [
      "MDNS",
      "mdns"
    ]
  },
  {
    "value": "MGCP",
    "synonyms": [
      "MGCP"
    ]
  },
  {
    "value": "MPEG_TS",
    "synonyms": [
      "MPEG_TS"
    ]
  },
  {
    "value": "MQTT",
    "synonyms": [
      "MQTT"
    ]
  },
  {
    "value": "MSN",
    "synonyms": [
      "MSN"
    ]
  },
  {
    "value": "MS_OneDrive",
    "synonyms": [
      "MS_OneDrive"
    ]
  },
  {
    "value": "MapleStory",
    "synonyms": [
      "MapleStory"
    ]
  },
  {
    "value": "Megaco",
    "synonyms": [
      "Megaco"
    ]
  },
  {
    "value": "Memcached",
    "synonyms": [
      "Memcached"
    ]
  },
  {
    "value": "Messenger",
    "synonyms": [
      "Messenger"
    ]
  },
  {
    "value": "Microsoft",
    "synonyms": [
      "Microsoft"
    ]
  },
  {
    "value": "Mining",
    "synonyms": [
      "Mining"
    ]
  },
  {
    "value": "Modbus",
    "synonyms": [
      "Modbus"
    ]
  },
  {
    "value": "MsSQL-TDS",
    "synonyms": [
      "MsSQL-TDS"
    ]
  },
  {
    "value": "MySQL",
    "synonyms": [
      "MySQL"
    ]
  },
  {
    "value": "NFS",
    "synonyms": [
      "NFS"
    ]
  },
  {
    "value": "NOE",
    "synonyms": [
      "NOE"
    ]
  },
  {
    "value": "NTP",
    "synonyms": [
      "NTP"
    ]
  },
  {
    "value": "NestLogSink",
    "synonyms": [
      "NestLogSink"
    ]
  },
  {
    "value": "NetBIOS",
    "synonyms": [
      "NetBIOS"
    ]
  },
  {
    "value": "NetFlix",
    "synonyms": [
      "NetFlix"
    ]
  },
  {
    "value": "NetFlow",
    "synonyms": [
      "NetFlow"
    ]
  },
  {
    "value": "Nintendo",
    "synonyms": [
      "Nintendo"
    ]
  },
  {
    "value": "OCS",
    "synonyms": [
      "OCS"
    ]
  },
  {
    "value": "OSPF",
    "synonyms": [
      "OSPF"
    ]
  },
  {
    "value": "Office365",
    "synonyms": [
      "Office365"
    ]
  },
  {
    "value": "Ookla",
    "synonyms": [
      "Ookla"
    ]
  },
  {
    "value": "OpenDNS",
    "synonyms": [
      "OpenDNS"
    ]
  },
  {
    "value": "OpenFT",
    "synonyms": [
      "OpenFT"
    ]
  },
  {
    "value": "OpenVPN",
    "synonyms": [
      "OpenVPN"
    ]
  },
  {
    "value": "Oracle",
    "synonyms": [
      "Oracle"
    ]
  },
  {
    "value": "Oscar",
    "synonyms": [
      "Oscar"
    ]
  },
  {
    "value": "POP3",
    "synonyms": [
      "POP3"
    ]
  },
  {
    "value": "POPS",
    "synonyms": [
      "POPS"
    ]
  },
  {
    "value": "PPLive",
    "synonyms": [
      "PPLive"
    ]
  },
  {
    "value": "PPStream",
    "synonyms": [
      "PPStream"
    ]
  },
  {
    "value": "PPTP",
    "synonyms": [
      "PPTP"
    ]
  },
  {
    "value": "Pando_Media_Booster",
    "synonyms": [
      "Pando_Media_Booster"
    ]
  },
  {
    "value": "Pandora",
    "synonyms": [
      "Pandora"
    ]
  },
  {
    "value": "Pastebin",
    "synonyms": [
      "Pastebin"
    ]
  },
  {
    "value": "PcAnywhere",
    "synonyms": [
      "PcAnywhere"
    ]
  },
  {
    "value": "PlayStore",
    "synonyms": [
      "PlayStore"
    ]
  },
  {
    "value": "Playstation",
    "synonyms": [
      "Playstation"
    ]
  },
  {
    "value": "PostgreSQL",
    "synonyms": [
      "PostgreSQL"
    ]
  },
  {
    "value": "QQ",
    "synonyms": [
      "QQ"
    ]
  },
  {
    "value": "QQLive",
    "synonyms": [
      "QQLive"
    ]
  },
  {
    "value": "QUIC",
    "synonyms": [
      "QUIC"
    ]
  },
  {
    "value": "RDP",
    "synonyms": [
      "RDP"
    ]
  },
  {
    "value": "RSYNC",
    "synonyms": [
      "RSYNC"
    ]
  },
  {
    "value": "RTCP",
    "synonyms": [
      "RTCP"
    ]
  },
  {
    "value": "RTMP",
    "synonyms": [
      "RTMP"
    ]
  },
  {
    "value": "RTP",
    "synonyms": [
      "RTP"
    ]
  },
  {
    "value": "RTSP",
    "synonyms": [
      "RTSP"
    ]
  },
  {
    "value": "RX",
    "synonyms": [
      "RX"
    ]
  },
  {
    "value": "Radius",
    "synonyms": [
      "Radius"
    ]
  },
  {
    "value": "Redis",
    "synonyms": [
      "Redis"
    ]
  },
  {
    "value": "RemoteScan",
    "synonyms": [
      "RemoteScan"
    ]
  },
  {
    "value": "SAP",
    "synonyms": [
      "SAP"
    ]
  },
  {
    "value": "SCTP",
    "synonyms": [
      "SCTP"
    ]
  },
  {
    "value": "SIP",
    "synonyms": [
      "SIP"
    ]
  },
  {
    "value": "SMBv1",
    "synonyms": [
      "SMBv1"
    ]
  },
  {
    "value": "SMBv23",
    "synonyms": [
      "SMBv23"
    ]
  },
  {
    "value": "SMPP",
    "synonyms": [
      "SMPP"
    ]
  },
  {
    "value": "SMTP",
    "synonyms": [
      "SMTP"
    ]
  },
  {
    "value": "SMTPS",
    "synonyms": [
      "SMTPS"
    ]
  },
  {
    "value": "SNMP",
    "synonyms": [
      "SNMP"
    ]
  },
  {
    "value": "SOCKS",
    "synonyms": [
      "SOCKS"
    ]
  },
  {
    "value": "SOMEIP",
    "synonyms": [
      "SOMEIP"
    ]
  },
  {
    "value": "SSDP",
    "synonyms": [
      "SSDP"
    ]
  },
  {
    "value": "SSH",
    "synonyms": [
      "SSH"
    ]
  },
  {
    "value": "SSL",
    "synonyms": [
      "SSL"
    ]
  },
  {
    "value": "SSL_No_Cert",
    "synonyms": [
      "SSL_No_Cert"
    ]
  },
  {
    "value": "STUN",
    "synonyms": [
      "STUN"
    ]
  },
  {
    "value": "ShoutCast",
    "synonyms": [
      "ShoutCast"
    ]
  },
  {
    "value": "Signal",
    "synonyms": [
      "Signal"
    ]
  },
  {
    "value": "Skype",
    "synonyms": [
      "Skype"
    ]
  },
  {
    "value": "SkypeCall",
    "synonyms": [
      "SkypeCall"
    ]
  },
  {
    "value": "Slack",
    "synonyms": [
      "Slack"
    ]
  },
  {
    "value": "Snapchat",
    "synonyms": [
      "Snapchat"
    ]
  },
  {
    "value": "Sopcast",
    "synonyms": [
      "Sopcast"
    ]
  },
  {
    "value": "Soulseek",
    "synonyms": [
      "Soulseek"
    ]
  },
  {
    "value": "SoundCloud",
    "synonyms": [
      "SoundCloud"
    ]
  },
  {
    "value": "Spotify",
    "synonyms": [
      "Spotify"
    ]
  },
  {
    "value": "Starcraft",
    "synonyms": [
      "Starcraft"
    ]
  },
  {
    "value": "Stealthnet",
    "synonyms": [
      "Stealthnet"
    ]
  },
  {
    "value": "Steam",
    "synonyms": [
      "Steam"
    ]
  },
  {
    "value": "Syslog",
    "synonyms": [
      "Syslog"
    ]
  },
  {
    "value": "TFTP",
    "synonyms": [
      "TFTP"
    ]
  },
  {
    "value": "TINC",
    "synonyms": [
      "TINC"
    ]
  },
  {
    "value": "TVUplayer",
    "synonyms": [
      "TVUplayer"
    ]
  },
  {
    "value": "TeamSpeak",
    "synonyms": [
      "TeamSpeak"
    ]
  },
  {
    "value": "TeamViewer",
    "synonyms": [
      "TeamViewer"
    ]
  },
  {
    "value": "Telegram",
    "synonyms": [
      "Telegram"
    ]
  },
  {
    "value": "Telnet",
    "synonyms": [
      "Telnet"
    ]
  },
  {
    "value": "Teredo",
    "synonyms": [
      "Teredo"
    ]
  },
  {
    "value": "Thunder",
    "synonyms": [
      "Thunder"
    ]
  },
  {
    "value": "TikTok",
    "synonyms": [
      "TikTok"
    ]
  },
  {
    "value": "Tor",
    "synonyms": [
      "Tor"
    ]
  },
  {
    "value": "TruPhone",
    "synonyms": [
      "TruPhone"
    ]
  },
  {
    "value": "Tuenti",
    "synonyms": [
      "Tuenti"
    ]
  },
  {
    "value": "Tvants",
    "synonyms": [
      "Tvants"
    ]
  },
  {
    "value": "Twitch",
    "synonyms": [
      "Twitch"
    ]
  },
  {
    "value": "Twitter",
    "synonyms": [
      "Twitter"
    ]
  },
  {
    "value": "UBNTAC2",
    "synonyms": [
      "UBNTAC2"
    ]
  },
  {
    "value": "UPnP",
    "synonyms": [
      "UPnP"
    ]
  },
  {
    "value": "UbuntuONE",
    "synonyms": [
      "UbuntuONE"
    ]
  },
  {
    "value": "Unencrypted_Jabber",
    "synonyms": [
      "Unencrypted_Jabber"
    ]
  },
  {
    "value": "Unknown",
    "synonyms": [
      "Unknown"
    ]
  },
  {
    "value": "Usenet",
    "synonyms": [
      "Usenet"
    ]
  },
  {
    "value": "VHUA",
    "synonyms": [
      "VHUA"
    ]
  },
  {
    "value": "VMware",
    "synonyms": [
      "VMware"
    ]
  },
  {
    "value": "VNC",
    "synonyms": [
      "VNC"
    ]
  },
  {
    "value": "VRRP",
    "synonyms": [
      "VRRP"
    ]
  },
  {
    "value": "Vevo",
    "synonyms": [
      "Vevo"
    ]
  },
  {
    "value": "Viber",
    "synonyms": [
      "Viber"
    ]
  },
  {
    "value": "Warcraft3",
    "synonyms": [
      "Warcraft3"
    ]
  },
  {
    "value": "Waze",
    "synonyms": [
      "Waze"
    ]
  },
  {
    "value": "WeChat",
    "synonyms": [
      "WeChat"
    ]
  },
  {
    "value": "Webex",
    "synonyms": [
      "Webex"
    ]
  },
  {
    "value": "WhatsApp",
    "synonyms": [
      "WhatsApp"
    ]
  },
  {
    "value": "WhatsAppFiles",
    "synonyms": [
      "WhatsAppFiles"
    ]
  },
  {
    "value": "WhatsAppVideo",
    "synonyms": [
      "WhatsAppVideo"
    ]
  },
  {
    "value": "WhatsAppVoice",
    "synonyms": [
      "WhatsAppVoice"
    ]
  },
  {
    "value": "Whois-DAS",
    "synonyms": [
      "Whois-DAS"
    ]
  },
  {
    "value": "Wikipedia",
    "synonyms": [
      "Wikipedia"
    ]
  },
  {
    "value": "WindowsUpdate",
    "synonyms": [
      "WindowsUpdate"
    ]
  },
  {
    "value": "WorldOfKungFu",
    "synonyms": [
      "WorldOfKungFu"
    ]
  },
  {
    "value": "WorldOfWarcraft",
    "synonyms": [
      "WorldOfWarcraft"
    ]
  },
  {
    "value": "XDMCP",
    "synonyms": [
      "XDMCP"
    ]
  },
  {
    "value": "Xbox",
    "synonyms": [
      "Xbox"
    ]
  },
  {
    "value": "Yahoo",
    "synonyms": [
      "Yahoo"
    ]
  },
  {
    "value": "YouTube",
    "synonyms": [
      "YouTube"
    ]
  },
  {
    "value": "YouTubeUpload",
    "synonyms": [
      "YouTubeUpload"
    ]
  },
  {
    "value": "Zattoo",
    "synonyms": [
      "Zattoo"
    ]
  },
  {
    "value": "ZeroMQ",
    "synonyms": [
      "ZeroMQ"
    ]
  },
  {
    "value": "eBay",
    "synonyms": [
      "eBay"
    ]
  },
  {
    "value": "eDonkey",
    "synonyms": [
      "eDonkey"
    ]
  },
  {
    "value": "ntop",
    "synonyms": [
      "ntop"
    ]
  },
  {
    "value": "sFlow",
    "synonyms": [
      "sFlow"
    ]
  }
]